order,bin_id,node,distance_from_previous_m,cumulative_distance_m
1,P002,1414056193,631.065064128986,631.065064128986
2,P008,5550131181,185.42434885357295,816.489412982559
3,P010,3788381534,88.36132742467852,904.8507404072375
4,P004,6840678855,385.27171121960527,1290.1224516268428
5,P006,5589452138,1445.580667088682,2735.703118715525
